generation,best_ind,best_gen_fit,avg_gen_fit,worst_gen_fit,total_time,%surface_occupied,maximum_occupancy
0,RPKPLV,-612.8103572959731,-455.62212549065265,2693.5698897594875,475927.0390598774,0.5813953488372093,0.8372093023255814
